{"train_loss": [2.27883465755377, 1.841421597979847, 1.6635506167518865, 1.5570712110127398, 1.4732391746756532, 1.4073813572036993, 1.3543997557257947, 1.3080502506570701, 1.2666134437954693, 1.23231206440555, 1.199500124689211, 1.1772009619159403, 1.1490037796410872, 1.1333875261851956, 1.1096677326167803, 1.0924293695336178, 1.0742701135562904, 1.0623885919187148, 1.0468063550086013, 1.0341041585324342], "val_loss": [2.003681257675434, 1.7813917184698171, 1.690496247390221, 1.6288325293310757, 1.5997127754934903, 1.5684720993041992, 1.5340297074153506, 1.537904455743987, 1.5243871170898964, 1.5221475157244453, 1.5217472553253173, 1.5191355890241163, 1.5255190775312226, 1.5359674371522047, 1.5356765200351847, 1.5547159975972669, 1.5626957712502314, 1.549033759380209, 1.5615586243826767, 1.577478640243925], "epoch_times": [34.753284215927124, 33.850006103515625, 34.18509888648987, 47.387234926223755, 37.41138482093811, 38.465758323669434, 41.32206106185913, 38.77307891845703, 43.80414700508118, 37.957643032073975, 37.602900981903076, 36.2780921459198, 35.76707196235657, 36.15604305267334, 35.93256211280823, 36.33853077888489, 36.6019811630249, 36.06733989715576, 37.50403690338135, 39.22666811943054]}